Workbook

Sheet Sheet1
A1: Debit reason | B1: Debitable entity | C1: Short Description | D1: Tip | E1: imagess to show | G1: Total images count
A2: Pickup images junk | B2: Lm FE | D2: Take a bright, clear photo showing the whole product and all edges. Do not blur. | E2: pickup_images | F2: User Pickup images | G2: 2
A3: ICUD images junk | B3: Lm FE | C3: images captured during user delivery was not clear | D3: Show the whole packet and the label in one clear photo. Do not take a close-up of just the label. | E3: icud_images | F3: User Pickup images | G3: 2
A4: ICSD images junk | B4: Fm | C4: images captured during seller delivery was not clear | D4: Take one clear photo showing the whole item, its package, and the label. Do not just photograph the label. | E4: icsd_images | F4: Seller delivery images | G4: 2
A5: Pickup vs QC mismatch | B5: Lm FE | C5: Product returned at hub was different than user pickup | D5: Give the hub captain the exact package you picked up from the customer. | E5: pickup_images, sec_qc_lm_images | F5: User Pickup images, Lm QC images | G5: 4
A6: Pickup vs QC mismatch (secondary QC answer wrong) | B6: LM | C6: Quality check was wrongly done and marked completed | D6: Look at the real item in your hand. Answer the questions correctly. | E6: catalog_images_link, pickup_images, sec_qc_lm_images | F6: Catalog , User Pickup images, Lm QC images | G6: 6
A7: Wrong RVP pickup | B7: Lm FE | C7: Pickup questions incorrectly answered | D7: Fill out the form carefully. | E7: catalog_images_link, pickup_images | F7: Catalog , User Pickup images | G7: 4
A8: Lost at field | B8: Lm FE | C8: Shipment not receievd back at your hub | D8: Scan every package at each handoff and keep them secure. You will be credited back if a lost package is found. | G8: 0
A9: Lm QC Secondary QC images junk | B9: LM | C9: images captured during secondary QC delivery was not clear | D9: Take one clear photo of the whole item showing all requested parts. Do not just show the label. | E9: sec_qc_lm_images | F9: Lm QC images | G9: 2
A10: Fm QC Sec QC images junk | B10: Fm | C10: images captured during secondary QC delivery was not clear | D10: Take one clear photo showing the whole item and readable label with all details visible. | E10: sec_qc_fm_images | F10: Fm QC images | G10: 2
A11: Fm QC Sec QC images Vs ICSD images | B11: FM | E11: sec_qc_fm_images, icsd_images | F11: Fm QC images, Seller Delivery images | G11: 4
A12: Dual Scan Losses | B12: FM | C12: Shipment label and packet label did not match | D12: Ensure shipment packets are not tampered or changed | G12: 0
A13: Dual Scan Losses | B13: Lm | C13: Shipment label and packet label did not match | D13: Ensure shipment packets are not tampered or changed | G13: 0

Sheet Sample data
A1: debit_reason | B1: awb_num | C1: audit_dt | D1: amount_rs | E1: hub | F1: image_1 | G1: image_2 | H1: image_3 | I1: image_4
A2: ICUD junk image | B2: VLR082719500815 | C2: 46281 | D2: 216 | E2: pag | F2: https://images.meesho.com/CustomerDoorstepDeliveryImages/VL0085014117771/imageVL00850141177711.jpg | G2: https://images.meesho.com/CustomerDoorstepDeliveryImages/VL0085014117771/imageVL00850141177712.jpg
A3: ICUD junk image | B3: VLR082726387731 | C3: 46281 | D3: 216 | E3: mry | F3: https://images.meesho.com/CustomerDoorstepDeliveryImages/VL0085007935397/imageVL00850079353971.jpg | G3: https://images.meesho.com/CustomerDoorstepDeliveryImages/VL0085007935397/imageVL00850079353972.jpg
A4: Pickup junk image | B4: VLR082665517559 | C4: 46281 | D4: 224 | E4: ros | F4: https://images.meesho.com/ReturnPickupImages/VLR082665517559/imageVLR0826655175591.jpg | G4: https://images.meesho.com/ReturnPickupImages/VLR082665517559/imageVLR0826655175592.jpg
A5: Pickup junk image | B5: VLR082738981967 | C5: 46281 | D5: 348 | E5: syz | F5: https://images.meesho.com/ReturnPickupImages/VLR082738981967/imageVLR0827389819671.jpg | G5: https://images.meesho.com/ReturnPickupImages/VLR082738981967/imageVLR0827389819672.jpg
A6: Pickup vs QC image mismatch | B6: VLR082748453676 | C6: 46281 | D6: 602 | E6: sz4 | F6: https://images.meesho.com/ReturnPickupImages/VLR082748453676/imageVLR0827484536761.jpg | G6: https://images.meesho.com/ReturnPickupImages/VLR082748453676/imageVLR0827484536762.jpg | H6: https://images.meesho.com/SecondaryQcImages/LM/VLR082748453676/imageVLR0827484536761.jpg | I6: https://images.meesho.com/SecondaryQcImages/LM/VLR082748453676/imageVLR0827484536762.jpg
A7: Pickup vs QC image mismatch | B7: VLR082777512683 | C7: 46281 | D7: 762 | E7: g78 | F7: https://images.meesho.com/ReturnPickupImages/VLR082777512683/imageVLR0827775126831.jpg | G7: https://images.meesho.com/ReturnPickupImages/VLR082777512683/imageVLR0827775126832.jpg | H7: https://images.meesho.com/SecondaryQcImages/LM/VLR082777512683/imageVLR0827775126831.jpg | I7: https://images.meesho.com/SecondaryQcImages/LM/VLR082777512683/imageVLR0827775126832.jpg

Sheet Sheet4
A1: debit_reason | B1: awb_num | C1: audit_dt | D1: amount_rs | E1: hub | F1: image_1 | G1: image_2 | H1: image_3 | I1: image_4
A2: ICUD junk image | B2: VLR082730980679 | C2: 46281 | D2: 1079 | E2: icp | F2: https://images.meesho.com/CustomerDoorstepDeliveryImages/VL0085011544407/imageVL00850115444071.jpg | G2: https://images.meesho.com/CustomerDoorstepDeliveryImages/VL0085011544407/imageVL00850115444072.jpg
A3: Pickup junk image | B3: VLR082738981967 | C3: 46281 | D3: 348 | E3: syz | F3: https://images.meesho.com/ReturnPickupImages/VLR082738981967/imageVLR0827389819671.jpg | G3: https://images.meesho.com/ReturnPickupImages/VLR082738981967/imageVLR0827389819672.jpg
A4: Pickup junk image | B4: VLR082741397175 | C4: 46281 | D4: 552 | E4: pas | F4: https://images.meesho.com/ReturnPickupImages/VLR082741397175/imageVLR0827413971751.jpg | G4: https://images.meesho.com/ReturnPickupImages/VLR082741397175/imageVLR0827413971752.jpg
A5: Pickup junk image | B5: VLR082748079241 | C5: 46281 | D5: 223 | E5: syz | F5: https://images.meesho.com/ReturnPickupImages/VLR082748079241/imageVLR0827480792411.jpg | G5: https://images.meesho.com/ReturnPickupImages/VLR082748079241/imageVLR0827480792412.jpg
A6: Pickup junk image | B6: VLR082752371924 | C6: 46281 | D6: 879 | E6: lgq | F6: https://images.meesho.com/ReturnPickupImages/VLR082752371924/imageVLR0827523719241.jpg | G6: https://images.meesho.com/ReturnPickupImages/VLR082752371924/imageVLR0827523719242.jpg
A7: Pickup junk image | B7: VLR082753622598 | C7: 46281 | D7: 433 | E7: syz | F7: https://images.meesho.com/ReturnPickupImages/VLR082753622598/imageVLR0827536225981.jpg | G7: https://images.meesho.com/ReturnPickupImages/VLR082753622598/imageVLR0827536225982.jpg
A8: Pickup junk image | B8: VLR082757394936 | C8: 46281 | D8: 95 | E8: g78 | F8: https://images.meesho.com/ReturnPickupImages/VLR082757394936/imageVLR0827573949361.jpg | G8: https://images.meesho.com/ReturnPickupImages/VLR082757394936/imageVLR0827573949362.jpg
A9: Pickup junk image | B9: VLR082758298818 | C9: 46281 | D9: 337 | E9: vyn | F9: https://images.meesho.com/ReturnPickupImages/VLR082758298818/imageVLR0827582988181.jpg | G9: https://images.meesho.com/ReturnPickupImages/VLR082758298818/imageVLR0827582988182.jpg
A10: Pickup junk image | B10: VLR082762483186 | C10: 46281 | D10: 366 | E10: syz | F10: https://images.meesho.com/ReturnPickupImages/VLR082762483186/imageVLR0827624831861.jpg | G10: https://images.meesho.com/ReturnPickupImages/VLR082762483186/imageVLR0827624831862.jpg
A11: Pickup junk image | B11: VLR082763700440 | C11: 46281 | D11: 185 | E11: acn | F11: https://images.meesho.com/ReturnPickupImages/VLR082763700440/imageVLR0827637004401.jpg | G11: https://images.meesho.com/ReturnPickupImages/VLR082763700440/imageVLR0827637004402.jpg
A12: Pickup vs QC image mismatch | B12: VLR082780554235 | C12: 46281 | D12: 149 | E12: vyn | F12: https://images.meesho.com/ReturnPickupImages/VLR082780554235/imageVLR0827805542351.jpg | G12: https://images.meesho.com/ReturnPickupImages/VLR082780554235/imageVLR0827805542352.jpg | H12: https://images.meesho.com/SecondaryQcImages/LM/VLR082780554235/imageVLR0827805542351.jpg | I12: https://images.meesho.com/SecondaryQcImages/LM/VLR082780554235/imageVLR0827805542352.jpg
A13: Pickup vs QC image mismatch | B13: VLR082811753255 | C13: 46281 | D13: 383 | E13: vyn | F13: https://images.meesho.com/ReturnPickupImages/VLR082811753255/imageVLR0828117532551.jpg | G13: https://images.meesho.com/ReturnPickupImages/VLR082811753255/imageVLR0828117532552.jpg | H13: https://images.meesho.com/SecondaryQcImages/LM/VLR082811753255/imageVLR0828117532551.jpg | I13: https://images.meesho.com/SecondaryQcImages/LM/VLR082811753255/imageVLR0828117532552.jpg
A14: Pickup vs QC image mismatch | B14: VLR082820371194 | C14: 46281 | D14: 279 | E14: vyn | F14: https://images.meesho.com/ReturnPickupImages/VLR082820371194/imageVLR0828203711941.jpg | G14: https://images.meesho.com/ReturnPickupImages/VLR082820371194/imageVLR0828203711942.jpg | H14: https://images.meesho.com/SecondaryQcImages/LM/VLR082820371194/imageVLR0828203711941.jpg | I14: https://images.meesho.com/SecondaryQcImages/LM/VLR082820371194/imageVLR0828203711942.jpg
A15: Pickup vs QC image mismatch | B15: VLR082828771125 | C15: 46281 | D15: 506 | E15: vyn | F15: https://images.meesho.com/ReturnPickupImages/VLR082828771125/imageVLR0828287711251.jpg | G15: https://images.meesho.com/ReturnPickupImages/VLR082828771125/imageVLR0828287711252.jpg | H15: https://images.meesho.com/SecondaryQcImages/LM/VLR082828771125/imageVLR0828287711251.jpg | I15: https://images.meesho.com/SecondaryQcImages/LM/VLR082828771125/imageVLR0828287711252.jpg
A16: Pickup vs QC image mismatch | B16: VLR082834642033 | C16: 46281 | D16: 188 | E16: vyn | F16: https://images.meesho.com/ReturnPickupImages/VLR082834642033/imageVLR0828346420331.jpg | G16: https://images.meesho.com/ReturnPickupImages/VLR082834642033/imageVLR0828346420332.jpg | H16: https://images.meesho.com/SecondaryQcImages/LM/VLR082834642033/imageVLR0828346420331.jpg | I16: https://images.meesho.com/SecondaryQcImages/LM/VLR082834642033/imageVLR0828346420332.jpg
A17: Pickup vs QC image mismatch | B17: VLR082835016663 | C17: 46281 | D17: 1356 | E17: vyn | F17: https://images.meesho.com/ReturnPickupImages/VLR082835016663/imageVLR0828350166631.jpg | G17: https://images.meesho.com/ReturnPickupImages/VLR082835016663/imageVLR0828350166632.jpg | H17: https://images.meesho.com/SecondaryQcImages/LM/VLR082835016663/imageVLR0828350166631.jpg | I17: https://images.meesho.com/SecondaryQcImages/LM/VLR082835016663/imageVLR0828350166632.jpg
A18: Pickup vs QC image mismatch | B18: VLR082733531262 | C18: 46273 | D18: 417 | E18: vyn | F18: https://images.meesho.com/ReturnPickupImages/VLR082733531262/imageVLR0827335312621.jpg | G18: https://images.meesho.com/ReturnPickupImages/VLR082733531262/imageVLR0827335312622.jpg | H18: https://images.meesho.com/SecondaryQcImages/LM/VLR082733531262/imageVLR0827335312621.jpg | I18: https://images.meesho.com/SecondaryQcImages/LM/VLR082733531262/imageVLR0827335312622.jpg
A20: Wrong RVP
A21: awb | B21: entinty | C21: price | D21: pickup_image_1 | E21: pickup_image_2 | F21: pickup_image_3 | G21: catalog_image_link | I21: category_question | J21: category_answer | K21: colour_question | L21: colour_answer | M21: design_question | N21: design_answer | O21: damage_question | P21: damage_answer | Q21: quantity_question | R21: quantity_answer
A22: VLR082406378860 | B22: {=_xlfn.XLOOKUP(A22,Sheet5!A:A,Sheet5!B:B,0)} -> md kamal uddin -6290954573 | C22: {=_xlfn.XLOOKUP(B22,Sheet5!B:B,Sheet5!C:C,0)} -> 599 | D22: https://images.meesho.com/ReturnPickupImages/VLR082406378860/imageVLR0824063788601.jpg | E22: https://images.meesho.com/ReturnPickupImages/VLR082406378860/imageVLR0824063788602.jpg | F22: https://images.meesho.com/ReturnPickupImages/VLR082406378860/imageVLR0824063788603.jpg | G22: https://images.meesho.com//images/catalogs/174995192/cover/1/2/ee12346ce585f8c0783fdb12df021c636d1a243011dc1944c701688c2281e92e8e538cab1c703c226abf5014f933cfd5b22aac6b98d7d51747fc35a4ab7b5454.jpg | I22: category | J22: Same Category | K22: colour | L22: Same Colour | M22: design | N22: Same Design | O22: damage | P22: Product Not Damaged | Q22: quantity | R22: Same Quantity
A23: VLR082408131054 | B23: {=_xlfn.XLOOKUP(A23,Sheet5!A:A,Sheet5!B:B,0)} -> anurag tilawdiya-8461097157 | C23: {=_xlfn.XLOOKUP(B23,Sheet5!B:B,Sheet5!C:C,0)} -> 288 | D23: https://images.meesho.com/ReturnPickupImages/VLR082408131054/imageVLR0824081310541.jpg | E23: https://images.meesho.com/ReturnPickupImages/VLR082408131054/imageVLR0824081310542.jpg | F23: https://images.meesho.com/ReturnPickupImages/VLR082408131054/imageVLR0824081310543.jpg | G23: https://images.meesho.com//images/catalogs/486089196/cover/1/2/7ebf5d35e70097a3661975ad3ad990d736a6f9e5eec99301bf6d8e94d357d2df74eb23cb4293005cbf822786e311306dff57dc0be4877e98d874f52c2d5debb1.jpg | I23: category | J23: Same Category | K23: colour | L23: Same Colour | M23: design | N23: Same Design | Q23: quantity | R23: Same Quantity
A24: VLR082408194714 | B24: {=_xlfn.XLOOKUP(A24,Sheet5!A:A,Sheet5!B:B,0)} -> narendra kumar bhargava-9024754004 | C24: {=_xlfn.XLOOKUP(B24,Sheet5!B:B,Sheet5!C:C,0)} -> 237 | D24: https://images.meesho.com/ReturnPickupImages/VLR082408194714/imageVLR0824081947141.jpg | E24: https://images.meesho.com/ReturnPickupImages/VLR082408194714/imageVLR0824081947142.jpg | F24: https://images.meesho.com/ReturnPickupImages/VLR082408194714/imageVLR0824081947143.jpg | G24: https://images.meesho.com//images/catalogs/350146284/cover/1/2/3491361268e45bb7967d3db913392cd1de0a4a160077a991c5105a6ef396ad7a1673616ee1c91da767c9f4755363dc62f00c673f955a076980598a114164bb79.jpg | I24: category | J24: Same Category | K24: colour | L24: Same Colour | M24: design | N24: Same Design | O24: damage | P24: Product Not Damaged | Q24: quantity | R24: Same Quantity
A25: VLR082411058372 | B25: {=_xlfn.XLOOKUP(A25,Sheet5!A:A,Sheet5!B:B,0)} -> preetam-9521480144 | C25: {=_xlfn.XLOOKUP(B25,Sheet5!B:B,Sheet5!C:C,0)} -> 242 | D25: https://images.meesho.com/ReturnPickupImages/VLR082411058372/imageVLR0824110583721.jpg | E25: https://images.meesho.com/ReturnPickupImages/VLR082411058372/imageVLR0824110583722.jpg | F25: https://images.meesho.com/ReturnPickupImages/VLR082411058372/imageVLR0824110583723.jpg | G25: https://images.meesho.com//images/catalogs/163637607/cover/1/2/9061261093d896063dbb701205a2a9a15c0ca145b33b28ad8cd7395bbbffa86281afb1ea375c9f2fe756e809b62983c2185747b7fc37d68f94c2d69f2e58b606.jpg | I25: category | J25: Same Category | K25: colour | L25: Different Colour | M25: design | N25: Same Design | O25: damage | P25: Product Not Damaged | Q25: quantity | R25: Same Quantity
A26: VLR082411474872 | B26: {=_xlfn.XLOOKUP(A26,Sheet5!A:A,Sheet5!B:B,0)} -> sonu kushwah-9243989640 | C26: {=_xlfn.XLOOKUP(B26,Sheet5!B:B,Sheet5!C:C,0)} -> 567 | D26: https://images.meesho.com/ReturnPickupImages/VLR082411474872/imageVLR0824114748721.jpg | E26: https://images.meesho.com/ReturnPickupImages/VLR082411474872/imageVLR0824114748722.jpg | F26: https://images.meesho.com/ReturnPickupImages/VLR082411474872/imageVLR0824114748723.jpg | G26: https://images.meesho.com//images/catalogs/309434709/cover/1/2/1382568ccc7851e6ff283893456f9bcac4a20b5928f8771f0bdfc7d4c3d98ef1b73d7c85dd3cdb75764ddd167cdb75f8bd7beb0d7bf7b3749343af633de4a282.jpg | I26: category | J26: Same Category | K26: colour | L26: Same Colour | M26: design | N26: Same Design | O26: damage | P26: Product Not Damaged | Q26: quantity | R26: Same Quantity
A27: VLR082412043962 | B27: {=_xlfn.XLOOKUP(A27,Sheet5!A:A,Sheet5!B:B,0)} -> anjali anjali-7827732826 | C27: {=_xlfn.XLOOKUP(B27,Sheet5!B:B,Sheet5!C:C,0)} -> 309 | D27: https://images.meesho.com/ReturnPickupImages/VLR082412043962/imageVLR0824120439621.jpg | E27: https://images.meesho.com/ReturnPickupImages/VLR082412043962/imageVLR0824120439622.jpg | F27: https://images.meesho.com/ReturnPickupImages/VLR082412043962/imageVLR0824120439623.jpg | G27: https://images.meesho.com//images/catalogs/491676616/cover/1/2/81f854d9cf43b4896907fffd6951e3aed28bf6140ede22dc381546a4bfdea3a395063825cb6a827c50724f56b8d67c5683df473f8bf63f8f9ba436392b49b571.jpg | I27: category | J27: Same Category | K27: colour | L27: Same Colour | M27: design | N27: Same Design | O27: damage | P27: Product Not Damaged | Q27: quantity | R27: Same Quantity
A28: VLR082412795811 | B28: {=_xlfn.XLOOKUP(A28,Sheet5!A:A,Sheet5!B:B,0)} -> rajasekar a-8531987157 | C28: {=_xlfn.XLOOKUP(B28,Sheet5!B:B,Sheet5!C:C,0)} -> 332 | D28: https://images.meesho.com/ReturnPickupImages/VLR082412795811/imageVLR0824127958111.jpg | E28: https://images.meesho.com/ReturnPickupImages/VLR082412795811/imageVLR0824127958112.jpg | F28: https://images.meesho.com/ReturnPickupImages/VLR082412795811/imageVLR0824127958113.jpg | G28: https://images.meesho.com//images/catalogs/479714900/cover/1/2/3c3645164fb63c909d524096a4845f66117704c9f6b427e898e8507f04143ccb5358cd55b5ddf174f8a4ffcb4f981c3736a891229e24260d18a2a0cf52650774.jpg | I28: category | J28: Same Category | K28: colour | L28: Same Colour | M28: design | N28: Same Design | O28: damage | P28: Product Not Damaged | Q28: quantity | R28: Same Quantity
A29: VLR082414326682 | B29: {=_xlfn.XLOOKUP(A29,Sheet5!A:A,Sheet5!B:B,0)} -> nathu ram dhiver-9509417717 | C29: {=_xlfn.XLOOKUP(B29,Sheet5!B:B,Sheet5!C:C,0)} -> 572 | D29: https://images.meesho.com/ReturnPickupImages/VLR082414326682/imageVLR0824143266821.jpg | E29: https://images.meesho.com/ReturnPickupImages/VLR082414326682/imageVLR0824143266822.jpg | F29: https://images.meesho.com/ReturnPickupImages/VLR082414326682/imageVLR0824143266823.jpg | G29: https://images.meesho.com//images/catalogs/274421692/cover/1/2/eb2daec43386811808d18094e21923eef5f2b24e4b429f410ca7f25aa162f6138abe8fba1c2d6c63b66cc3ed9071c50f1be964353b65c2d4089704d9c6b5ea7a.jpg | I29: category | J29: Same Category | K29: colour | L29: Same Colour | M29: design | N29: Same Design | O29: damage | P29: Product Not Damaged | Q29: quantity | R29: Same Quantity

Sheet Sheet5
A1: awb_num | B1: reverse_lofp_fe | C1: price
A2: VLR082406378860 | B2: md kamal uddin -6290954573 | C2: 599
A3: VLR082408131054 | B3: anurag tilawdiya-8461097157 | C3: 288
A4: VLR082408194714 | B4: narendra kumar bhargava-9024754004 | C4: 237
A5: VLR082411058372 | B5: preetam-9521480144 | C5: 242
A6: VLR082412795811 | B6: rajasekar a-8531987157 | C6: 332
A7: VLR082411474872 | B7: sonu kushwah-9243989640 | C7: 567
A8: VLR082414326682 | B8: nathu ram dhiver-9509417717 | C8: 572
A9: VLR082412043962 | B9: anjali anjali-7827732826 | C9: 309

Sheet Sheet2
A1: Debit reason | B1: Debitable entity | C1: Short Description | D1: Tip | E1: Total images count | F1: images | H1: Final Copy
A2: Pickup images junk | B2: Lm FE | C2: images captured during user pickup was not clear | D2: Complete Product must be visible in the frame — full product, all edges. Sharp and well lit, no blur, no dark photo. | E2: 1 | F2: pickup images | G2: =IFERROR(__xludf.DUMMYFUNCTION("GEMINI(""make this "" & D2 & "" crisp and short. however it should be easy to comprehend for low literacy people"")"),"Take a bright, clear photo showing the whole product and all edges. Do not blur.") -> Take a bright, clear photo showing the whole product and all edges. Do not blur. | H2: =IFERROR(__xludf.DUMMYFUNCTION("GEMINI(""make this "" & F2 & "" crisp and short. however easy to comprehend for low literacy people"")"),"Take a bright, clear photo showing the whole product and all edges. Do not blur.") -> Take a bright, clear photo showing the whole product and all edges. Do not blur. | L2: pickup images
A3: ICUD images junk | B3: Lm FE | C3: images captured during user delivery was not clear | D3: Complete packet in the frame with the AWB label readable in the same photo. A label-only close-up will be marked junk. Hold steady, keep the full packet in shot. | E3: 1 | F3: icud images | G3: =IFERROR(__xludf.DUMMYFUNCTION("GEMINI(""make this "" & D3 & "" crisp and short. however it should be easy to comprehend for low literacy people"")"),"Show the whole packet and the label in one clear photo. Do not take a close-up of just the label.") -> Show the whole packet and the label in one clear photo. Do not take a close-up of just the label. | H3: Show the whole packet and the label in one clear photo. Do not take a close-up of just the label. | L3: icud images
A4: ICSD images junk | B4: Fm QC | C4: images captured during seller delivery was not clear | D4: Complete packet visible in one frame — full product with packaging condition and the label readable in the same shot. Not just the label. | E4: 1 | F4: icsd images | G4: =IFERROR(__xludf.DUMMYFUNCTION("GEMINI(""make this "" & D4 & "" crisp and short. however it should be easy to comprehend for low literacy people"")"),"Take one clear photo showing the whole item, its package, and the label. Do not just photograph the label.") -> Take one clear photo showing the whole item, its package, and the label. Do not just photograph the label. | H4: =IFERROR(__xludf.DUMMYFUNCTION("GEMINI(""make this "" & F4 & "" crisp and short. however easy to comprehend for low literacy people"")"),"Take one clear photo showing the whole item, its package, and the label. Do not just photograph the label.") -> Take one clear photo showing the whole item, its package, and the label. Do not just photograph the label. | L4: icsd images
A5: Pickup vs QC mismatch | B5: Lm FE | C5: Product returned at hub was different than user pickup | D5: Always handle the exact shipment to you hub captain which you picked up the customer | E5: 2 | F5: pickup images, sec qc Lm QC images | G5: =IFERROR(__xludf.DUMMYFUNCTION("GEMINI(""make this "" & D5 & "" crisp and short. however it should be easy to comprehend for low literacy people"")"),"Give the hub captain the exact package you picked up from the customer.") -> Give the hub captain the exact package you picked up from the customer. | H5: =IFERROR(__xludf.DUMMYFUNCTION("GEMINI(""make this "" & F5 & "" crisp and short. however it should be easy to comprehend for low literacy people"")"),"Give the hub captain the exact package you picked up from the customer.") -> Give the hub captain the exact package you picked up from the customer. | L5: pickup images, sec qc Lm QC images
A6: Pickup vs QC mismatch (secondary QC answer wrong) | B6: LM | C6: Quality check was wrongly done and marked completed | D6: Secondary QC images answer must match the item physically in hand — don't pass/fail from memory or bulk-mark. | E6: 3 | F6: catalog images link, pickup images, sec qc Lm QC images | G6: =IFERROR(__xludf.DUMMYFUNCTION("GEMINI(""make this "" & D6 & "" crisp and short. however it should be easy to comprehend for low literacy people"")"),"Check the actual item in your hand. Do not guess the answer or mark everything the same.") -> Check the actual item in your hand. Do not guess the answer or mark everything the same. | H6: Look at the real item in your hand. Answer the questions correctly. | L6: catalog images link, pickup images, sec qc Lm QC images
A7: Wrong RVP pickup | B7: Lm FE | C7: Pickup questions incorrectly answered | D7: Answer to the return Questionaire carefully | E7: 2 | F7: catalog images link, pickup images | G7: =IFERROR(__xludf.DUMMYFUNCTION("GEMINI(""make this "" & D7 & "" crisp and short. however it should be easy to comprehend for low literacy people"")"),"Fill out the return form carefully.") -> Fill out the return form carefully. | H7: =IFERROR(__xludf.DUMMYFUNCTION("GEMINI(""make this"" &G7& ""shorter"")"),"Fill out the form carefully.") -> Fill out the form carefully. | L7: catalog images link, pickup images
A8: Lost at field | B8: Lm FE | C8: Shipment not receievd back at your hub | D8: Scan every parcel at each handoff, keep parcels secure in transit. This amount is credited back if the parcel is later traced or returned. | E8: 0 | G8: =IFERROR(__xludf.DUMMYFUNCTION("GEMINI(""make this "" & D8 & "" crisp and short. however it should be easy to comprehend for low literacy people"")"),"Scan every package at every handoff and keep them safe while traveling. If a lost package is found later, you will get the money back.") -> Scan every package at every handoff and keep them safe while traveling. If a lost package is found later, you will get the money back. | H8: =IFERROR(__xludf.DUMMYFUNCTION("GEMINI(""make this"" &G8& ""shorter"")"),"Scan every package at each handoff and keep them secure. You will be credited back if a lost package is found.") -> Scan every package at each handoff and keep them secure. You will be credited back if a lost package is found.
A9: Lm QC Secondary QC images junk | B9: Lm QC Hub | C9: images captured during secondary QC delivery was not clear | D9: Complete product/packet in one clear frame at the QC bench — whole item visible, not a label crop, plus every attribute the questionnaire asks about. | E9: 1 | F9: sec qc Lm QC images | G9: =IFERROR(__xludf.DUMMYFUNCTION("GEMINI(""make this "" & D9 & "" crisp and short. however it should be easy to comprehend for low literacy people"")"),"Take one clear photo of the whole item. Do not just show the label. Show all parts asked in the questions.") -> Take one clear photo of the whole item. Do not just show the label. Show all parts asked in the questions. | H9: =IFERROR(__xludf.DUMMYFUNCTION("GEMINI(""make this"" &G9& ""shorter"")"),"Take one clear photo of the whole item showing all requested parts. Do not just show the label.") -> Take one clear photo of the whole item showing all requested parts. Do not just show the label. | L9: sec qc Lm QC images
A10: Fm QC Sec QC images junk | B10: Fm QC | C10: images captured during secondary QC delivery was not clear | D10: Complete packet in one frame at the Fm QC sec QC bench — full product visible with the label readable, sharp, all questionnaire attributes visible | E10: 1 | F10: sec qc Fm QC images | G10: =IFERROR(__xludf.DUMMYFUNCTION("GEMINI(""make this "" & D10 & "" crisp and short. however it should be easy to comprehend for low literacy people"")"),"Take one clear photo showing the whole item and the readable label. Make sure all details are visible.") -> Take one clear photo showing the whole item and the readable label. Make sure all details are visible. | H10: =IFERROR(__xludf.DUMMYFUNCTION("GEMINI(""make this"" &G10& ""shorter"")"),"Take one clear photo showing the whole item and readable label with all details visible.") -> Take one clear photo showing the whole item and readable label with all details visible. | L10: sec qc Fm QC images
A11: Fm QC Sec QC images Vs ICSD images | B11: FM | E11: 2 | F11: sec qc Fm QC images, icsd images | G11: =IFERROR(__xludf.DUMMYFUNCTION("GEMINI(""make this "" & D11 & "" crisp and short. however it should be easy to comprehend for low literacy people"")"),"I do not have enough information to answer the query. Cell C11 is empty, so there is no text to summarize.") -> I do not have enough information to answer the query. Cell C11 is empty, so there is no text to summarize. | H11: =IFERROR(__xludf.DUMMYFUNCTION("GEMINI(""make this"" &G11& ""shorter"")"),"Insufficient information to summarize.") -> Insufficient information to summarize. | L11: sec qc Fm QC images, icsd images
A12: Dual Scan Losses | B12: FM | C12: Shipment label and packet label did not match | D12: Dual Scan failed shipments | E12: 0 | G12: =IFERROR(__xludf.DUMMYFUNCTION("GEMINI(""make this "" & D12 & "" crisp and short. however it should be easy to comprehend for low literacy people"")"),"Shipments failed dual scanning.") -> Shipments failed dual scanning.
A13: Dual Scan Losses | B13: Lm QC | C13: Shipment label and packet label did not match | D13: Dual Scan failed shipments | E13: 0 | G13: =IFERROR(__xludf.DUMMYFUNCTION("GEMINI(""make this "" & D13 & "" crisp and short. however it should be easy to comprehend for low literacy people"")"),"Failed double scan.") -> Failed double scan.
